{"ds":{"0":1676335863000,"1":1676422304000,"2":1676508739000,"3":1676596845000,"4":1676683245000,"5":1676771404000,"6":1676858034000,"7":1676978063000,"8":1677064597000,"9":1677150997000,"10":1677237397000,"11":1677323797000,"12":1677410197000,"13":1677496597000,"14":1677582997000,"15":1677669397000,"16":1677755797000,"17":1677842197000,"18":1677928597000},"yhat":{"0":1330.755325,"1":1644.562505998,"2":1958.3479052111,"3":2278.199543891,"4":2591.8578824603,"5":2911.9019272232,"6":3226.395235903,"7":3662.1370959825,"8":3976.2818953237,"9":4289.9402338158,"10":4603.5985723079,"11":4917.2569108,"12":5230.9152492921,"13":5544.5735877841,"14":5858.2319262762,"15":6171.8902647683,"16":6485.5486032604,"17":6799.2069417525,"18":7112.8652802446}}