{"ds":{"0":1676335863000,"1":1676422304000,"2":1676508739000,"3":1676596845000,"4":1676683245000,"5":1676771404000,"6":1676858034000,"7":1676978063000,"8":1677064597000,"9":1677150997000,"10":1677237397000,"11":1677323797000,"12":1677410197000,"13":1677496597000,"14":1677582997000,"15":1677669397000,"16":1677755797000,"17":1677842197000,"18":1677928597000},"yhat":{"0":22.58939,"1":23.6119565191,"2":24.6344520551,"3":25.6767149263,"4":26.6987964244,"5":27.7416862658,"6":28.7664885806,"7":30.186389272,"8":31.2100559395,"9":32.2321374343,"10":33.2542189291,"11":34.2763004238,"12":35.2983819186,"13":36.3204634134,"14":37.3425449082,"15":38.364626403,"16":39.3867078977,"17":40.4087893925,"18":41.4308708873}}